starttime	seconds	ctime	dtime	ttime	wait
Thu Oct 22 13:41:46 2020	1603370506	14	27	41	26
Thu Oct 22 13:41:46 2020	1603370506	14	27	41	26
Thu Oct 22 13:41:46 2020	1603370506	14	27	41	27
Thu Oct 22 13:41:46 2020	1603370506	14	28	42	27
Thu Oct 22 13:41:46 2020	1603370506	15	33	49	26
Thu Oct 22 13:41:46 2020	1603370506	14	35	49	27
Thu Oct 22 13:41:46 2020	1603370506	18	32	50	32
Thu Oct 22 13:41:46 2020	1603370506	16	34	51	33
Thu Oct 22 13:41:46 2020	1603370506	20	33	52	30
Thu Oct 22 13:41:46 2020	1603370506	19	33	52	31
Thu Oct 22 13:41:46 2020	1603370506	19	34	52	32
Thu Oct 22 13:41:46 2020	1603370506	20	33	53	32
Thu Oct 22 13:41:46 2020	1603370506	21	33	53	31
Thu Oct 22 13:41:46 2020	1603370506	20	34	54	34
Thu Oct 22 13:41:46 2020	1603370506	24	37	61	29
Thu Oct 22 13:41:46 2020	1603370506	23	39	62	38
Thu Oct 22 13:41:46 2020	1603370506	25	38	62	37
Thu Oct 22 13:41:46 2020	1603370506	25	38	63	37
Thu Oct 22 13:41:46 2020	1603370506	25	39	64	37
Thu Oct 22 13:41:46 2020	1603370506	27	37	64	37
Thu Oct 22 13:41:46 2020	1603370506	25	40	64	38
Thu Oct 22 13:41:46 2020	1603370506	29	36	65	34
Thu Oct 22 13:41:46 2020	1603370506	29	41	71	34
Thu Oct 22 13:41:46 2020	1603370506	29	42	71	36
Thu Oct 22 13:41:46 2020	1603370506	30	42	72	36
Thu Oct 22 13:41:46 2020	1603370506	30	41	72	40
Thu Oct 22 13:41:46 2020	1603370506	31	41	72	40
Thu Oct 22 13:41:46 2020	1603370506	31	41	72	34
Thu Oct 22 13:41:46 2020	1603370506	30	42	72	41
Thu Oct 22 13:41:46 2020	1603370506	30	42	72	41
Thu Oct 22 13:41:46 2020	1603370506	30	42	72	41
Thu Oct 22 13:41:46 2020	1603370506	30	42	73	41
Thu Oct 22 13:41:46 2020	1603370506	31	43	73	42
Thu Oct 22 13:41:46 2020	1603370506	31	43	74	43
Thu Oct 22 13:41:46 2020	1603370506	30	46	76	42
Thu Oct 22 13:41:46 2020	1603370506	30	46	76	42
Thu Oct 22 13:41:46 2020	1603370506	34	43	76	42
Thu Oct 22 13:41:46 2020	1603370506	31	46	77	45
Thu Oct 22 13:41:46 2020	1603370506	30	47	77	45
Thu Oct 22 13:41:46 2020	1603370506	26	51	77	51
Thu Oct 22 13:41:46 2020	1603370506	24	54	78	54
Thu Oct 22 13:41:46 2020	1603370506	34	45	79	38
Thu Oct 22 13:41:46 2020	1603370506	48	33	80	31
Thu Oct 22 13:41:46 2020	1603370506	25	56	81	52
Thu Oct 22 13:41:46 2020	1603370506	31	49	81	44
Thu Oct 22 13:41:46 2020	1603370506	34	47	81	43
Thu Oct 22 13:41:46 2020	1603370506	43	38	81	35
Thu Oct 22 13:41:46 2020	1603370506	23	59	82	59
Thu Oct 22 13:41:46 2020	1603370506	20	62	82	60
Thu Oct 22 13:41:46 2020	1603370506	38	44	82	43
Thu Oct 22 13:41:46 2020	1603370506	38	44	82	44
Thu Oct 22 13:41:46 2020	1603370506	38	44	82	43
Thu Oct 22 13:41:46 2020	1603370506	62	21	83	20
Thu Oct 22 13:41:46 2020	1603370506	31	52	83	43
Thu Oct 22 13:41:46 2020	1603370506	42	41	83	41
Thu Oct 22 13:41:46 2020	1603370506	31	52	84	43
Thu Oct 22 13:41:46 2020	1603370506	44	39	84	35
Thu Oct 22 13:41:46 2020	1603370506	31	53	84	44
Thu Oct 22 13:41:46 2020	1603370506	34	50	84	41
Thu Oct 22 13:41:46 2020	1603370506	31	53	85	49
Thu Oct 22 13:41:46 2020	1603370506	62	24	85	20
Thu Oct 22 13:41:46 2020	1603370506	51	35	86	21
Thu Oct 22 13:41:46 2020	1603370506	48	39	87	35
Thu Oct 22 13:41:46 2020	1603370506	44	43	87	38
Thu Oct 22 13:41:46 2020	1603370506	41	46	87	46
Thu Oct 22 13:41:46 2020	1603370506	44	43	87	38
Thu Oct 22 13:41:46 2020	1603370506	44	44	88	43
Thu Oct 22 13:41:46 2020	1603370506	49	40	89	40
Thu Oct 22 13:41:46 2020	1603370506	51	38	89	32
Thu Oct 22 13:41:46 2020	1603370506	41	50	91	50
Thu Oct 22 13:41:46 2020	1603370506	42	50	91	41
Thu Oct 22 13:41:46 2020	1603370506	35	57	92	50
Thu Oct 22 13:41:46 2020	1603370506	34	58	92	47
Thu Oct 22 13:41:46 2020	1603370506	51	41	92	35
Thu Oct 22 13:41:46 2020	1603370506	34	58	92	54
Thu Oct 22 13:41:46 2020	1603370506	44	48	92	48
Thu Oct 22 13:41:46 2020	1603370506	49	43	92	43
Thu Oct 22 13:41:46 2020	1603370506	64	28	92	28
Thu Oct 22 13:41:46 2020	1603370506	49	44	93	43
Thu Oct 22 13:41:46 2020	1603370506	35	58	93	47
Thu Oct 22 13:41:46 2020	1603370506	49	44	93	43
Thu Oct 22 13:41:46 2020	1603370506	43	50	93	49
Thu Oct 22 13:41:46 2020	1603370506	43	50	93	50
Thu Oct 22 13:41:46 2020	1603370506	49	44	93	43
Thu Oct 22 13:41:46 2020	1603370506	58	35	94	33
Thu Oct 22 13:41:46 2020	1603370506	45	48	94	47
Thu Oct 22 13:41:46 2020	1603370506	35	60	95	53
Thu Oct 22 13:41:46 2020	1603370506	35	60	95	57
Thu Oct 22 13:41:46 2020	1603370506	35	61	95	60
Thu Oct 22 13:41:46 2020	1603370506	45	50	95	50
Thu Oct 22 13:41:46 2020	1603370506	49	46	96	45
Thu Oct 22 13:41:46 2020	1603370506	35	61	96	50
Thu Oct 22 13:41:46 2020	1603370506	52	44	96	40
Thu Oct 22 13:41:46 2020	1603370506	51	46	96	43
Thu Oct 22 13:41:46 2020	1603370506	52	44	97	40
Thu Oct 22 13:41:46 2020	1603370506	51	46	97	43
Thu Oct 22 13:41:46 2020	1603370506	51	46	97	46
Thu Oct 22 13:41:46 2020	1603370506	51	46	97	43
Thu Oct 22 13:41:46 2020	1603370506	50	47	97	46
Thu Oct 22 13:41:46 2020	1603370506	53	45	97	44
Thu Oct 22 13:41:46 2020	1603370506	51	47	97	46
Thu Oct 22 13:41:46 2020	1603370506	33	65	98	54
Thu Oct 22 13:41:46 2020	1603370506	60	39	98	38
Thu Oct 22 13:41:46 2020	1603370506	46	53	98	49
Thu Oct 22 13:41:46 2020	1603370506	53	46	99	43
Thu Oct 22 13:41:46 2020	1603370506	41	58	99	50
Thu Oct 22 13:41:46 2020	1603370506	47	52	99	50
Thu Oct 22 13:41:46 2020	1603370506	47	52	99	52
Thu Oct 22 13:41:46 2020	1603370506	54	46	99	38
Thu Oct 22 13:41:46 2020	1603370506	53	47	100	44
Thu Oct 22 13:41:46 2020	1603370506	45	55	100	54
Thu Oct 22 13:41:46 2020	1603370506	42	58	100	34
Thu Oct 22 13:41:46 2020	1603370506	53	46	100	39
Thu Oct 22 13:41:46 2020	1603370506	42	58	100	39
Thu Oct 22 13:41:46 2020	1603370506	43	57	100	55
Thu Oct 22 13:41:46 2020	1603370506	54	47	100	46
Thu Oct 22 13:41:46 2020	1603370506	54	47	100	46
Thu Oct 22 13:41:46 2020	1603370506	42	59	101	58
Thu Oct 22 13:41:46 2020	1603370506	43	58	101	57
Thu Oct 22 13:41:46 2020	1603370506	38	64	101	63
Thu Oct 22 13:41:46 2020	1603370506	74	28	101	26
Thu Oct 22 13:41:46 2020	1603370506	46	56	101	50
Thu Oct 22 13:41:46 2020	1603370506	74	28	102	27
Thu Oct 22 13:41:46 2020	1603370506	43	58	102	37
Thu Oct 22 13:41:46 2020	1603370506	38	64	102	63
Thu Oct 22 13:41:46 2020	1603370506	56	46	102	37
Thu Oct 22 13:41:46 2020	1603370506	75	28	103	26
Thu Oct 22 13:41:46 2020	1603370506	44	59	103	57
Thu Oct 22 13:41:46 2020	1603370506	45	59	103	59
Thu Oct 22 13:41:46 2020	1603370506	42	62	104	43
Thu Oct 22 13:41:46 2020	1603370506	47	57	104	55
Thu Oct 22 13:41:46 2020	1603370506	46	58	104	57
Thu Oct 22 13:41:46 2020	1603370506	46	57	104	55
Thu Oct 22 13:41:46 2020	1603370506	50	54	104	47
Thu Oct 22 13:41:46 2020	1603370506	37	68	105	68
Thu Oct 22 13:41:46 2020	1603370506	50	56	105	55
Thu Oct 22 13:41:46 2020	1603370506	48	57	105	57
Thu Oct 22 13:41:46 2020	1603370506	51	54	106	54
Thu Oct 22 13:41:46 2020	1603370506	54	52	106	51
Thu Oct 22 13:41:46 2020	1603370506	50	55	106	48
Thu Oct 22 13:41:46 2020	1603370506	51	55	106	54
Thu Oct 22 13:41:46 2020	1603370506	50	56	106	54
Thu Oct 22 13:41:46 2020	1603370506	50	56	106	56
Thu Oct 22 13:41:46 2020	1603370506	49	57	106	51
Thu Oct 22 13:41:46 2020	1603370506	50	56	106	48
Thu Oct 22 13:41:46 2020	1603370506	60	47	106	37
Thu Oct 22 13:41:46 2020	1603370506	64	42	106	42
Thu Oct 22 13:41:46 2020	1603370506	48	59	107	58
Thu Oct 22 13:41:46 2020	1603370506	51	55	107	55
Thu Oct 22 13:41:46 2020	1603370506	78	29	107	24
Thu Oct 22 13:41:46 2020	1603370506	51	56	107	54
Thu Oct 22 13:41:46 2020	1603370506	43	64	107	58
Thu Oct 22 13:41:46 2020	1603370506	51	56	107	50
Thu Oct 22 13:41:46 2020	1603370506	60	48	108	41
Thu Oct 22 13:41:46 2020	1603370506	53	54	108	49
Thu Oct 22 13:41:46 2020	1603370506	49	59	108	58
Thu Oct 22 13:41:46 2020	1603370506	52	55	108	55
Thu Oct 22 13:41:46 2020	1603370506	52	56	108	56
Thu Oct 22 13:41:46 2020	1603370506	40	68	108	68
Thu Oct 22 13:41:46 2020	1603370506	50	58	108	57
Thu Oct 22 13:41:46 2020	1603370506	50	58	108	57
Thu Oct 22 13:41:46 2020	1603370506	51	58	108	55
Thu Oct 22 13:41:46 2020	1603370506	77	31	108	29
Thu Oct 22 13:41:46 2020	1603370506	53	56	108	55
Thu Oct 22 13:41:46 2020	1603370506	43	65	109	43
Thu Oct 22 13:41:46 2020	1603370506	44	64	109	54
Thu Oct 22 13:41:46 2020	1603370506	51	58	109	57
Thu Oct 22 13:41:46 2020	1603370506	22	87	109	87
Thu Oct 22 13:41:46 2020	1603370506	47	61	109	61
Thu Oct 22 13:41:46 2020	1603370506	48	61	109	57
Thu Oct 22 13:41:46 2020	1603370506	59	50	109	46
Thu Oct 22 13:41:46 2020	1603370506	49	60	109	59
Thu Oct 22 13:41:46 2020	1603370506	60	49	109	49
Thu Oct 22 13:41:46 2020	1603370506	42	67	109	61
Thu Oct 22 13:41:46 2020	1603370506	42	67	109	67
Thu Oct 22 13:41:46 2020	1603370506	50	59	109	58
Thu Oct 22 13:41:46 2020	1603370506	49	60	109	59
Thu Oct 22 13:41:46 2020	1603370506	44	65	109	58
Thu Oct 22 13:41:46 2020	1603370506	78	31	110	29
Thu Oct 22 13:41:46 2020	1603370506	49	61	110	60
Thu Oct 22 13:41:46 2020	1603370506	61	49	110	48
Thu Oct 22 13:41:46 2020	1603370506	49	61	110	58
Thu Oct 22 13:41:46 2020	1603370506	61	49	110	49
Thu Oct 22 13:41:46 2020	1603370506	49	61	110	60
Thu Oct 22 13:41:46 2020	1603370506	51	59	110	57
Thu Oct 22 13:41:46 2020	1603370506	55	55	110	55
Thu Oct 22 13:41:46 2020	1603370506	52	58	110	58
Thu Oct 22 13:41:46 2020	1603370506	64	46	110	45
Thu Oct 22 13:41:46 2020	1603370506	44	66	110	65
Thu Oct 22 13:41:46 2020	1603370506	44	66	110	59
Thu Oct 22 13:41:46 2020	1603370506	60	51	111	50
Thu Oct 22 13:41:46 2020	1603370506	51	60	111	53
Thu Oct 22 13:41:46 2020	1603370506	43	68	111	67
Thu Oct 22 13:41:46 2020	1603370506	51	60	111	60
Thu Oct 22 13:41:46 2020	1603370506	43	68	111	66
Thu Oct 22 13:41:46 2020	1603370506	43	68	111	67
Thu Oct 22 13:41:46 2020	1603370506	64	46	111	46
Thu Oct 22 13:41:46 2020	1603370506	67	44	111	44
Thu Oct 22 13:41:46 2020	1603370506	43	68	111	68
Thu Oct 22 13:41:46 2020	1603370506	67	44	111	43
Thu Oct 22 13:41:46 2020	1603370506	43	68	111	68
Thu Oct 22 13:41:46 2020	1603370506	37	74	111	74
Thu Oct 22 13:41:46 2020	1603370506	43	68	111	66
Thu Oct 22 13:41:46 2020	1603370506	50	61	111	59
Thu Oct 22 13:41:46 2020	1603370506	46	66	111	63
Thu Oct 22 13:41:46 2020	1603370506	56	56	111	56
Thu Oct 22 13:41:46 2020	1603370506	51	61	111	61
Thu Oct 22 13:41:46 2020	1603370506	43	68	112	68
Thu Oct 22 13:41:46 2020	1603370506	50	62	112	60
Thu Oct 22 13:41:46 2020	1603370506	52	60	112	59
Thu Oct 22 13:41:46 2020	1603370506	43	68	112	67
Thu Oct 22 13:41:46 2020	1603370506	60	52	112	51
Thu Oct 22 13:41:46 2020	1603370506	54	58	112	57
Thu Oct 22 13:41:46 2020	1603370506	64	48	112	44
Thu Oct 22 13:41:46 2020	1603370506	64	48	112	44
Thu Oct 22 13:41:46 2020	1603370506	53	59	112	58
Thu Oct 22 13:41:46 2020	1603370506	43	69	112	68
Thu Oct 22 13:41:46 2020	1603370506	51	62	112	61
Thu Oct 22 13:41:46 2020	1603370506	40	73	112	68
Thu Oct 22 13:41:46 2020	1603370506	42	70	112	70
Thu Oct 22 13:41:46 2020	1603370506	56	57	113	57
Thu Oct 22 13:41:46 2020	1603370506	55	58	113	58
Thu Oct 22 13:41:46 2020	1603370506	43	70	113	69
Thu Oct 22 13:41:46 2020	1603370506	43	69	113	69
Thu Oct 22 13:41:46 2020	1603370506	51	62	113	61
Thu Oct 22 13:41:46 2020	1603370506	64	49	113	49
Thu Oct 22 13:41:46 2020	1603370506	64	49	113	48
Thu Oct 22 13:41:46 2020	1603370506	55	58	113	57
Thu Oct 22 13:41:46 2020	1603370506	64	49	113	49
Thu Oct 22 13:41:46 2020	1603370506	37	76	113	75
Thu Oct 22 13:41:46 2020	1603370506	51	62	113	60
Thu Oct 22 13:41:46 2020	1603370506	37	76	113	75
Thu Oct 22 13:41:46 2020	1603370506	55	59	114	58
Thu Oct 22 13:41:46 2020	1603370506	53	61	114	60
Thu Oct 22 13:41:46 2020	1603370506	43	71	114	48
Thu Oct 22 13:41:46 2020	1603370506	66	48	114	44
Thu Oct 22 13:41:46 2020	1603370506	48	66	114	66
Thu Oct 22 13:41:46 2020	1603370506	62	52	114	51
Thu Oct 22 13:41:46 2020	1603370506	44	70	114	69
Thu Oct 22 13:41:46 2020	1603370506	50	64	114	63
Thu Oct 22 13:41:46 2020	1603370506	65	49	115	47
Thu Oct 22 13:41:46 2020	1603370506	35	80	115	58
Thu Oct 22 13:41:46 2020	1603370506	65	49	115	48
Thu Oct 22 13:41:46 2020	1603370506	65	49	115	48
Thu Oct 22 13:41:46 2020	1603370506	63	52	115	51
Thu Oct 22 13:41:46 2020	1603370506	48	67	115	67
Thu Oct 22 13:41:46 2020	1603370506	52	63	115	62
Thu Oct 22 13:41:46 2020	1603370506	63	52	115	52
Thu Oct 22 13:41:46 2020	1603370506	48	68	115	67
Thu Oct 22 13:41:46 2020	1603370506	45	70	115	69
Thu Oct 22 13:41:46 2020	1603370506	65	51	115	45
Thu Oct 22 13:41:46 2020	1603370506	51	65	115	64
Thu Oct 22 13:41:46 2020	1603370506	40	75	116	74
Thu Oct 22 13:41:46 2020	1603370506	40	75	116	74
Thu Oct 22 13:41:46 2020	1603370506	58	58	116	57
Thu Oct 22 13:41:46 2020	1603370506	65	51	116	51
Thu Oct 22 13:41:46 2020	1603370506	55	61	116	57
Thu Oct 22 13:41:46 2020	1603370506	45	71	116	48
Thu Oct 22 13:41:46 2020	1603370506	45	71	116	47
Thu Oct 22 13:41:46 2020	1603370506	45	71	116	70
Thu Oct 22 13:41:46 2020	1603370506	52	64	116	61
Thu Oct 22 13:41:46 2020	1603370506	62	54	116	54
Thu Oct 22 13:41:46 2020	1603370506	62	54	116	54
Thu Oct 22 13:41:46 2020	1603370506	48	69	116	57
Thu Oct 22 13:41:46 2020	1603370506	47	69	116	67
Thu Oct 22 13:41:46 2020	1603370506	64	52	116	51
Thu Oct 22 13:41:46 2020	1603370506	63	53	116	52
Thu Oct 22 13:41:46 2020	1603370506	47	69	116	69
Thu Oct 22 13:41:46 2020	1603370506	41	76	116	57
Thu Oct 22 13:41:46 2020	1603370506	64	52	116	52
Thu Oct 22 13:41:46 2020	1603370506	51	66	116	64
Thu Oct 22 13:41:46 2020	1603370506	65	51	116	49
Thu Oct 22 13:41:46 2020	1603370506	64	52	116	47
Thu Oct 22 13:41:46 2020	1603370506	68	49	116	48
Thu Oct 22 13:41:46 2020	1603370506	60	57	117	50
Thu Oct 22 13:41:46 2020	1603370506	45	72	117	48
Thu Oct 22 13:41:46 2020	1603370506	60	57	117	49
Thu Oct 22 13:41:46 2020	1603370506	72	45	117	45
Thu Oct 22 13:41:46 2020	1603370506	49	68	117	67
Thu Oct 22 13:41:46 2020	1603370506	64	52	117	52
Thu Oct 22 13:41:46 2020	1603370506	45	72	117	70
Thu Oct 22 13:41:46 2020	1603370506	38	79	117	76
Thu Oct 22 13:41:46 2020	1603370506	71	46	117	45
Thu Oct 22 13:41:46 2020	1603370506	65	52	117	50
Thu Oct 22 13:41:46 2020	1603370506	48	69	117	67
Thu Oct 22 13:41:46 2020	1603370506	61	56	117	56
Thu Oct 22 13:41:46 2020	1603370506	67	50	117	44
Thu Oct 22 13:41:46 2020	1603370506	50	67	117	67
Thu Oct 22 13:41:46 2020	1603370506	63	55	118	54
Thu Oct 22 13:41:46 2020	1603370506	46	72	118	70
Thu Oct 22 13:41:46 2020	1603370506	61	56	118	54
Thu Oct 22 13:41:46 2020	1603370506	68	50	118	50
Thu Oct 22 13:41:46 2020	1603370506	60	58	118	57
Thu Oct 22 13:41:46 2020	1603370506	62	56	118	55
Thu Oct 22 13:41:46 2020	1603370506	61	56	118	54
Thu Oct 22 13:41:46 2020	1603370506	67	51	118	51
Thu Oct 22 13:41:46 2020	1603370506	60	58	118	58
Thu Oct 22 13:41:46 2020	1603370506	44	74	118	68
Thu Oct 22 13:41:46 2020	1603370506	67	51	118	50
Thu Oct 22 13:41:46 2020	1603370506	67	51	118	51
Thu Oct 22 13:41:46 2020	1603370506	66	53	118	53
Thu Oct 22 13:41:46 2020	1603370506	55	63	118	56
Thu Oct 22 13:41:46 2020	1603370506	68	50	118	49
Thu Oct 22 13:41:46 2020	1603370506	56	63	118	56
Thu Oct 22 13:41:46 2020	1603370506	46	73	118	72
Thu Oct 22 13:41:46 2020	1603370506	51	68	118	61
Thu Oct 22 13:41:46 2020	1603370506	49	70	118	64
Thu Oct 22 13:41:46 2020	1603370506	68	51	119	50
Thu Oct 22 13:41:46 2020	1603370506	68	51	119	50
Thu Oct 22 13:41:46 2020	1603370506	67	51	119	50
Thu Oct 22 13:41:46 2020	1603370506	59	60	119	60
Thu Oct 22 13:41:46 2020	1603370506	58	61	119	60
Thu Oct 22 13:41:46 2020	1603370506	51	68	119	68
Thu Oct 22 13:41:46 2020	1603370506	64	55	119	55
Thu Oct 22 13:41:46 2020	1603370506	64	55	119	50
Thu Oct 22 13:41:46 2020	1603370506	61	59	119	51
Thu Oct 22 13:41:46 2020	1603370506	61	59	119	51
Thu Oct 22 13:41:46 2020	1603370506	55	65	119	64
Thu Oct 22 13:41:46 2020	1603370506	61	59	120	51
Thu Oct 22 13:41:46 2020	1603370506	68	52	120	52
Thu Oct 22 13:41:46 2020	1603370506	50	70	120	64
Thu Oct 22 13:41:46 2020	1603370506	69	51	120	50
Thu Oct 22 13:41:46 2020	1603370506	65	55	120	46
Thu Oct 22 13:41:46 2020	1603370506	44	76	120	64
Thu Oct 22 13:41:46 2020	1603370506	60	61	120	59
Thu Oct 22 13:41:46 2020	1603370506	68	52	120	50
Thu Oct 22 13:41:46 2020	1603370506	61	60	121	59
Thu Oct 22 13:41:46 2020	1603370506	62	59	121	50
Thu Oct 22 13:41:46 2020	1603370506	62	59	121	59
Thu Oct 22 13:41:46 2020	1603370506	68	52	121	51
Thu Oct 22 13:41:46 2020	1603370506	69	52	121	50
Thu Oct 22 13:41:46 2020	1603370506	67	54	121	52
Thu Oct 22 13:41:46 2020	1603370506	64	56	121	51
Thu Oct 22 13:41:46 2020	1603370506	54	68	122	67
Thu Oct 22 13:41:46 2020	1603370506	55	67	122	66
Thu Oct 22 13:41:46 2020	1603370506	66	56	122	55
Thu Oct 22 13:41:46 2020	1603370506	71	51	122	51
Thu Oct 22 13:41:46 2020	1603370506	68	54	122	52
Thu Oct 22 13:41:46 2020	1603370506	69	53	122	52
Thu Oct 22 13:41:46 2020	1603370506	52	70	122	70
Thu Oct 22 13:41:46 2020	1603370506	55	68	123	67
Thu Oct 22 13:41:46 2020	1603370506	72	50	123	43
Thu Oct 22 13:41:46 2020	1603370506	68	55	123	54
Thu Oct 22 13:41:46 2020	1603370506	67	56	123	51
Thu Oct 22 13:41:46 2020	1603370506	59	64	123	64
Thu Oct 22 13:41:46 2020	1603370506	59	64	123	64
Thu Oct 22 13:41:46 2020	1603370506	59	64	123	63
Thu Oct 22 13:41:46 2020	1603370506	48	76	124	61
Thu Oct 22 13:41:46 2020	1603370506	67	57	124	57
Thu Oct 22 13:41:46 2020	1603370506	48	76	124	72
Thu Oct 22 13:41:46 2020	1603370506	61	63	124	63
Thu Oct 22 13:41:46 2020	1603370506	70	53	124	46
Thu Oct 22 13:41:46 2020	1603370506	60	64	124	60
Thu Oct 22 13:41:46 2020	1603370506	50	74	124	67
Thu Oct 22 13:41:46 2020	1603370506	57	68	125	67
Thu Oct 22 13:41:46 2020	1603370506	73	51	125	44
Thu Oct 22 13:41:46 2020	1603370506	50	75	125	75
Thu Oct 22 13:41:46 2020	1603370506	60	65	125	65
Thu Oct 22 13:41:46 2020	1603370506	66	59	125	51
Thu Oct 22 13:41:46 2020	1603370506	70	55	125	51
Thu Oct 22 13:41:46 2020	1603370506	70	56	126	55
Thu Oct 22 13:41:46 2020	1603370506	60	66	126	65
Thu Oct 22 13:41:46 2020	1603370506	58	68	126	68
Thu Oct 22 13:41:46 2020	1603370506	58	68	126	68
Thu Oct 22 13:41:46 2020	1603370506	57	69	126	68
Thu Oct 22 13:41:46 2020	1603370506	70	56	126	55
Thu Oct 22 13:41:46 2020	1603370506	58	68	126	64
Thu Oct 22 13:41:46 2020	1603370506	71	55	126	51
Thu Oct 22 13:41:46 2020	1603370506	67	60	127	55
Thu Oct 22 13:41:46 2020	1603370506	48	79	127	50
Thu Oct 22 13:41:46 2020	1603370506	60	67	127	66
Thu Oct 22 13:41:46 2020	1603370506	66	61	127	60
Thu Oct 22 13:41:46 2020	1603370506	66	61	127	60
Thu Oct 22 13:41:46 2020	1603370506	67	61	128	60
Thu Oct 22 13:41:46 2020	1603370506	50	78	128	75
Thu Oct 22 13:41:46 2020	1603370506	54	75	129	68
Thu Oct 22 13:41:46 2020	1603370506	64	65	129	55
Thu Oct 22 13:41:46 2020	1603370506	65	65	130	60
Thu Oct 22 13:41:46 2020	1603370506	67	64	131	60
Thu Oct 22 13:41:46 2020	1603370506	67	65	132	64
Thu Oct 22 13:41:46 2020	1603370506	66	67	133	66
Thu Oct 22 13:41:46 2020	1603370506	62	72	133	71
Thu Oct 22 13:41:46 2020	1603370506	62	72	134	20
Thu Oct 22 13:41:46 2020	1603370506	62	72	134	57
Thu Oct 22 13:41:46 2020	1603370506	67	67	134	65
Thu Oct 22 13:41:46 2020	1603370506	62	72	134	72
Thu Oct 22 13:41:46 2020	1603370506	49	86	134	78
Thu Oct 22 13:41:46 2020	1603370506	68	71	139	70
Thu Oct 22 13:41:46 2020	1603370506	55	95	150	35
Thu Oct 22 13:41:46 2020	1603370506	41	118	158	76
Thu Oct 22 13:41:46 2020	1603370506	34	129	163	54
Thu Oct 22 13:41:47 2020	1603370507	51	116	167	86
Thu Oct 22 13:41:47 2020	1603370507	55	112	167	47
Thu Oct 22 13:41:47 2020	1603370507	56	113	169	49
Thu Oct 22 13:41:46 2020	1603370506	25	146	171	53
Thu Oct 22 13:41:46 2020	1603370506	66	108	174	51
Thu Oct 22 13:41:46 2020	1603370506	51	126	177	97
Thu Oct 22 13:41:46 2020	1603370506	57	130	187	53
Thu Oct 22 13:41:46 2020	1603370506	51	160	211	65
Thu Oct 22 13:41:46 2020	1603370506	31	184	215	54
Thu Oct 22 13:41:46 2020	1603370506	55	170	225	55
Thu Oct 22 13:41:46 2020	1603370506	55	171	225	55
Thu Oct 22 13:41:46 2020	1603370506	40	191	232	67
Thu Oct 22 13:41:46 2020	1603370506	41	191	232	68
Thu Oct 22 13:41:46 2020	1603370506	46	189	234	63
Thu Oct 22 13:41:46 2020	1603370506	35	212	247	63
Thu Oct 22 13:41:46 2020	1603370506	45	207	251	63
Thu Oct 22 13:41:46 2020	1603370506	45	210	255	131
Thu Oct 22 13:41:46 2020	1603370506	45	211	256	64
Thu Oct 22 13:41:46 2020	1603370506	42	215	258	68
Thu Oct 22 13:41:46 2020	1603370506	43	218	262	66
Thu Oct 22 13:41:46 2020	1603370506	43	219	262	67
Thu Oct 22 13:41:46 2020	1603370506	43	219	262	67
Thu Oct 22 13:41:46 2020	1603370506	45	221	267	66
Thu Oct 22 13:41:46 2020	1603370506	25	244	269	104
Thu Oct 22 13:41:46 2020	1603370506	25	245	269	63
Thu Oct 22 13:41:46 2020	1603370506	32	240	272	145
Thu Oct 22 13:41:46 2020	1603370506	55	218	272	71
Thu Oct 22 13:41:46 2020	1603370506	43	230	272	136
Thu Oct 22 13:41:46 2020	1603370506	33	246	279	61
Thu Oct 22 13:41:46 2020	1603370506	43	236	279	143
Thu Oct 22 13:41:46 2020	1603370506	56	226	282	69
Thu Oct 22 13:41:46 2020	1603370506	53	232	285	131
Thu Oct 22 13:41:46 2020	1603370506	32	255	287	63
Thu Oct 22 13:41:46 2020	1603370506	32	255	287	62
Thu Oct 22 13:41:46 2020	1603370506	43	245	288	192
Thu Oct 22 13:41:46 2020	1603370506	31	267	298	151
Thu Oct 22 13:41:46 2020	1603370506	55	249	304	162
Thu Oct 22 13:41:46 2020	1603370506	38	267	305	57
Thu Oct 22 13:41:46 2020	1603370506	62	249	311	71
Thu Oct 22 13:41:46 2020	1603370506	32	288	319	145
Thu Oct 22 13:41:46 2020	1603370506	31	289	320	146
Thu Oct 22 13:41:46 2020	1603370506	31	289	320	55
Thu Oct 22 13:41:46 2020	1603370506	33	288	321	148
Thu Oct 22 13:41:46 2020	1603370506	33	288	321	61
Thu Oct 22 13:41:46 2020	1603370506	32	289	321	62
Thu Oct 22 13:41:46 2020	1603370506	32	289	321	149
Thu Oct 22 13:41:46 2020	1603370506	32	289	321	145
Thu Oct 22 13:41:46 2020	1603370506	31	290	321	55
Thu Oct 22 13:41:46 2020	1603370506	38	283	321	143
Thu Oct 22 13:41:46 2020	1603370506	32	290	322	149
Thu Oct 22 13:41:46 2020	1603370506	38	284	322	144
Thu Oct 22 13:41:46 2020	1603370506	31	291	322	146
Thu Oct 22 13:41:46 2020	1603370506	32	290	322	150
Thu Oct 22 13:41:46 2020	1603370506	38	284	322	144
Thu Oct 22 13:41:46 2020	1603370506	31	291	322	151
Thu Oct 22 13:41:46 2020	1603370506	32	291	322	55
Thu Oct 22 13:41:46 2020	1603370506	38	284	323	144
Thu Oct 22 13:41:46 2020	1603370506	31	291	323	151
Thu Oct 22 13:41:46 2020	1603370506	38	287	326	143
Thu Oct 22 13:41:46 2020	1603370506	38	290	328	144
Thu Oct 22 13:41:46 2020	1603370506	38	290	328	57
Thu Oct 22 13:41:46 2020	1603370506	31	298	329	150
Thu Oct 22 13:41:46 2020	1603370506	38	297	334	144
Thu Oct 22 13:41:46 2020	1603370506	38	297	334	144
Thu Oct 22 13:41:46 2020	1603370506	38	297	335	144
Thu Oct 22 13:41:46 2020	1603370506	38	297	335	57
Thu Oct 22 13:41:46 2020	1603370506	38	297	335	144
Thu Oct 22 13:41:46 2020	1603370506	54	288	342	159
Thu Oct 22 13:41:46 2020	1603370506	32	328	360	52
Thu Oct 22 13:41:46 2020	1603370506	31	348	379	198
Thu Oct 22 13:41:46 2020	1603370506	51	332	383	60
Thu Oct 22 13:41:46 2020	1603370506	32	352	383	198
Thu Oct 22 13:41:46 2020	1603370506	31	355	386	43
Thu Oct 22 13:41:46 2020	1603370506	32	355	387	198
Thu Oct 22 13:41:46 2020	1603370506	31	360	391	43
Thu Oct 22 13:41:46 2020	1603370506	43	380	423	63
Thu Oct 22 13:41:46 2020	1603370506	57	378	435	68
Thu Oct 22 13:41:46 2020	1603370506	35	407	441	59
Thu Oct 22 13:41:46 2020	1603370506	63	387	450	47
Thu Oct 22 13:41:46 2020	1603370506	54	398	452	56
Thu Oct 22 13:41:46 2020	1603370506	54	400	454	70
Thu Oct 22 13:41:46 2020	1603370506	25	431	456	63
Thu Oct 22 13:41:46 2020	1603370506	31	441	473	53
Thu Oct 22 13:41:46 2020	1603370506	44	457	501	66
Thu Oct 22 13:41:46 2020	1603370506	45	460	506	65
Thu Oct 22 13:41:46 2020	1603370506	48	458	507	61
Thu Oct 22 13:41:46 2020	1603370506	31	482	514	54
Thu Oct 22 13:41:46 2020	1603370506	31	483	514	53
Thu Oct 22 13:41:46 2020	1603370506	32	484	515	371
Thu Oct 22 13:41:46 2020	1603370506	31	491	522	55
Thu Oct 22 13:41:46 2020	1603370506	31	491	522	55
Thu Oct 22 13:41:46 2020	1603370506	31	491	522	378
Thu Oct 22 13:41:46 2020	1603370506	32	491	522	371
Thu Oct 22 13:41:46 2020	1603370506	53	500	553	73
Thu Oct 22 13:41:46 2020	1603370506	31	528	559	52
Thu Oct 22 13:41:46 2020	1603370506	31	546	577	372
Thu Oct 22 13:41:46 2020	1603370506	31	546	578	139
Thu Oct 22 13:41:46 2020	1603370506	31	547	578	367
Thu Oct 22 13:41:46 2020	1603370506	32	552	584	372
Thu Oct 22 13:41:46 2020	1603370506	32	555	587	372
Thu Oct 22 13:41:46 2020	1603370506	32	555	587	372
Thu Oct 22 13:41:46 2020	1603370506	31	562	593	43
Thu Oct 22 13:41:46 2020	1603370506	31	574	605	55
Thu Oct 22 13:41:46 2020	1603370506	31	574	605	55
Thu Oct 22 13:41:46 2020	1603370506	31	574	606	52
Thu Oct 22 13:41:46 2020	1603370506	31	589	621	55
Thu Oct 22 13:41:46 2020	1603370506	31	589	621	140
Thu Oct 22 13:41:46 2020	1603370506	31	591	622	53
Thu Oct 22 13:41:46 2020	1603370506	52	680	732	473
